TDSFU Daily run: Mon Oct 27 08:20:56 UTC 2025 TDSFU
TDSFU Daily run: Mon Oct 27 08:22:17 UTC 2025 TDSFU
TDSFU Daily run: Tue Oct 28 04:36:39 UTC 2025 TDSFU
TDSFU Daily run: Wed Oct 29 04:41:58 UTC 2025 TDSFU
TDSFU Daily run: Thu Oct 30 04:35:59 UTC 2025 TDSFU
TDSFU Daily run: Fri Oct 31 04:41:47 UTC 2025 TDSFU
TDSFU Daily run: Sat Nov  1 04:33:23 UTC 2025 TDSFU
TDSFU Daily run: Sun Nov  2 04:36:09 UTC 2025 TDSFU
TDSFU Daily run: Mon Nov  3 04:42:57 UTC 2025 TDSFU
TDSFU Daily run: Tue Nov  4 04:36:47 UTC 2025 TDSFU
